{"cameraMode":{"drawMode":0,"name":"Shaded","section":"Shading Mode"},"sceneLighting":false,"audioPlay":false,"sceneViewState":{"showFog":true,"showMaterialUpdate":false,"showSkybox":true,"showFlares":true,"showImageEffects":true,"showParticleSystems":true},"in2DMode":false,"pivot":{"x":9.971959114074707,"y":1.0,"z":-4.639999866485596},"rotation":{"x":-0.16124621033668519,"y":0.023683223873376848,"z":-0.0038706909399479629,"w":-0.9866225123405457},"size":2.8578836917877199,"orthographic":false}