{"cameraMode":{"drawMode":0,"name":"Shaded","section":"Shading Mode"},"sceneLighting":false,"audioPlay":false,"sceneViewState":{"showFog":true,"showMaterialUpdate":true,"showSkybox":true,"showFlares":true,"showImageEffects":true,"showParticleSystems":true},"in2DMode":false,"pivot":{"x":228.60198974609376,"y":698.4730224609375,"z":92.91574096679688},"rotation":{"x":-0.022001568228006364,"y":0.0020925113931298258,"z":-0.00004365549102658406,"w":-0.9997557401657105},"size":22.0,"orthographic":false}