{"cameraMode":{"drawMode":0,"name":"Shaded","section":"Shading Mode"},"sceneLighting":false,"audioPlay":false,"sceneViewState":{"showFog":true,"showMaterialUpdate":true,"showSkybox":true,"showFlares":true,"showImageEffects":true,"showParticleSystems":true},"in2DMode":false,"pivot":{"x":-7.603940963745117,"y":1.059999942779541,"z":-6.289999961853027},"rotation":{"x":-0.23348259925842286,"y":0.10244989395141602,"z":-0.02474643476307392,"w":-0.966632068157196},"size":4.286825180053711,"orthographic":false}