{"cameraMode":{"drawMode":0,"name":"Shaded","section":"Shading Mode"},"sceneLighting":true,"audioPlay":false,"sceneViewState":{"showFog":true,"showMaterialUpdate":true,"showSkybox":true,"showFlares":true,"showImageEffects":true,"showParticleSystems":true},"in2DMode":false,"pivot":{"x":56.38050842285156,"y":1.8014984130859376,"z":50.166744232177737},"rotation":{"x":0.3429562747478485,"y":-0.04600294679403305,"z":0.016818391159176828,"w":0.9380735158920288},"size":102.80594635009766,"orthographic":false}