{"cameraMode":{"drawMode":0,"name":"Shaded","section":"Shading Mode"},"sceneLighting":false,"audioPlay":false,"sceneViewState":{"showFog":true,"showMaterialUpdate":true,"showSkybox":true,"showFlares":true,"showImageEffects":true,"showParticleSystems":true},"in2DMode":false,"pivot":{"x":4.800000190734863,"y":1.0,"z":8.199999809265137},"rotation":{"x":0.48111918568611147,"y":-0.014025939628481865,"z":0.007698689121752977,"w":0.8765091896057129},"size":2.8578836917877199,"orthographic":false}