{"cameraMode":{"drawMode":0,"name":"Shaded","section":"Shading Mode"},"sceneLighting":false,"audioPlay":false,"sceneViewState":{"showFog":true,"showMaterialUpdate":true,"showSkybox":true,"showFlares":true,"showImageEffects":true,"showParticleSystems":true},"in2DMode":false,"pivot":{"x":-9.870625495910645,"y":-2.5119900703430177,"z":-1.011669397354126},"rotation":{"x":-0.20542819797992707,"y":0.6911544799804688,"z":-0.21561767160892487,"w":-0.6584935784339905},"size":15.022597312927246,"orthographic":false}